ChildID,ParentID
3DModel,MediaObject
AMRadioChannel,RadioChannel
APIReference,TechArticle
Abdomen,PhysicalExam
AboutPage,WebPage
AcceptAction,AllocateAction
Accommodation,Place
AccountingService,FinancialService
AchieveAction,Action
Action,Thing
ActionAccessSpecification,Intangible
ActionStatusType,StatusEnumeration
ActivateAction,ControlAction
ActivationFee,PriceComponentTypeEnumeration
ActiveActionStatus,ActionStatusType
ActiveNotRecruiting,MedicalStudyStatus
AddAction,UpdateAction
AdministrativeArea,Place
AdultEntertainment,EntertainmentBusiness
AdvertiserContentArticle,Article
AerobicActivity,PhysicalActivityCategory
AggregateOffer,Offer
AggregateRating,Rating
AgreeAction,ReactAction
Airline,Organization
Airport,CivicStructure
AlbumRelease,MusicAlbumReleaseType
AlignmentObject,Intangible
AllWheelDriveConfiguration,DriveWheelConfigurationValue
AllergiesHealthAspect,HealthAspectEnumeration
AllocateAction,OrganizeAction
AmpStory,CreativeWork
AmusementPark,EntertainmentBusiness
AnaerobicActivity,PhysicalActivityCategory
AnalysisNewsArticle,NewsArticle
AnatomicalStructure,MedicalEntity
AnatomicalSystem,MedicalEntity
Anesthesia,MedicalSpecialty
AnimalShelter,LocalBusiness
Answer,Comment
Apartment,Accommodation
ApartmentComplex,Residence
Appearance,PhysicalExam
AppendAction,InsertAction
ApplyAction,OrganizeAction
ApprovedIndication,MedicalIndication
Aquarium,CivicStructure
ArchiveComponent,CreativeWork
ArchiveOrganization,LocalBusiness
ArriveAction,MoveAction
ArtGallery,EntertainmentBusiness
Artery,Vessel
Article,CreativeWork
AskAction,CommunicateAction
AskPublicNewsArticle,NewsArticle
AssessAction,Action
AssignAction,AllocateAction
Atlas,CreativeWork
Attorney,LegalService
Audience,Intangible
AudioObject,MediaObject
Audiobook,Book
AudiobookFormat,BookFormatType
AuthoritativeLegalValue,LegalValueLevel
AuthorizeAction,AllocateAction
AutoBodyShop,AutomotiveBusiness
AutoDealer,AutomotiveBusiness
AutoPartsStore,Store
AutoRental,AutomotiveBusiness
AutoRepair,AutomotiveBusiness
AutoWash,AutomotiveBusiness
AutomatedTeller,FinancialService
AutomotiveBusiness,LocalBusiness
Ayurvedic,MedicineSystem
BackOrder,ItemAvailability
BackgroundNewsArticle,NewsArticle
Bacteria,InfectiousAgentClass
Bakery,FoodEstablishment
Balance,PhysicalActivityCategory
BankAccount,FinancialProduct
BankOrCreditUnion,FinancialService
BarOrPub,FoodEstablishment
Barcode,ImageObject
BasicIncome,GovernmentBenefitsType
Beach,CivicStructure
BeautySalon,HealthAndBeautyBusiness
BedAndBreakfast,LodgingBusiness
BedDetails,Intangible
BedType,QualitativeValue
BefriendAction,InteractAction
BenefitsHealthAspect,HealthAspectEnumeration
BikeStore,Store
Blog,CreativeWork
BlogPosting,SocialMediaPosting
BloodTest,MedicalTest
BoardingPolicyType,Enumeration
BoatReservation,Reservation
BoatTerminal,CivicStructure
BoatTrip,Trip
BodyMeasurementArm,BodyMeasurementTypeEnumeration
BodyMeasurementBust,BodyMeasurementTypeEnumeration
BodyMeasurementChest,BodyMeasurementTypeEnumeration
BodyMeasurementFoot,BodyMeasurementTypeEnumeration
BodyMeasurementHand,BodyMeasurementTypeEnumeration
BodyMeasurementHead,BodyMeasurementTypeEnumeration
BodyMeasurementHeight,BodyMeasurementTypeEnumeration
BodyMeasurementHips,BodyMeasurementTypeEnumeration
BodyMeasurementInsideLeg,BodyMeasurementTypeEnumeration
BodyMeasurementNeck,BodyMeasurementTypeEnumeration
BodyMeasurementTypeEnumeration,MeasurementTypeEnumeration
BodyMeasurementUnderbust,BodyMeasurementTypeEnumeration
BodyMeasurementWaist,BodyMeasurementTypeEnumeration
BodyMeasurementWeight,BodyMeasurementTypeEnumeration
BodyOfWater,Landform
Bone,AnatomicalStructure
Book,CreativeWork
BookFormatType,Enumeration
BookSeries,CreativeWorkSeries
BookStore,Store
BookmarkAction,OrganizeAction
Boolean,Mu
BorrowAction,TransferAction
BowlingAlley,SportsActivityLocation
BrainStructure,AnatomicalStructure
Brand,Intangible
BreadcrumbList,ItemList
Brewery,FoodEstablishment
Bridge,CivicStructure
BroadcastChannel,Intangible
BroadcastEvent,PublicationEvent
BroadcastFrequencySpecification,Intangible
BroadcastRelease,MusicAlbumReleaseType
BroadcastService,Service
BrokerageAccount,InvestmentOrDeposit
BuddhistTemple,PlaceOfWorship
BusOrCoach,Vehicle
BusReservation,Reservation
BusStation,CivicStructure
BusStop,CivicStructure
BusTrip,Trip
BusinessAudience,Audience
BusinessEntityType,Enumeration
BusinessEvent,Event
BusinessFunction,Enumeration
BusinessSupport,GovernmentBenefitsType
BuyAction,TradeAction
CDCPMDRecord,StructuredValue
CDFormat,MusicReleaseFormatType
CT,MedicalImagingTechnique
CableOrSatelliteService,Service
CafeOrCoffeeShop,FoodEstablishment
Campground,LodgingBusiness
CampingPitch,Accommodation
Canal,BodyOfWater
CancelAction,PlanAction
Car,Vehicle
CarUsageType,Enumeration
Cardiovascular,MedicalSpecialty
CardiovascularExam,PhysicalExam
CaseSeries,MedicalObservationalStudyDesign
Casino,EntertainmentBusiness
CassetteFormat,MusicReleaseFormatType
CategoryCode,DefinedTerm
CategoryCodeSet,DefinedTermSet
CatholicChurch,Church
CausesHealthAspect,HealthAspectEnumeration
Cemetery,CivicStructure
Chapter,CreativeWork
CharitableIncorporatedOrganization,UKNonprofitType
CheckAction,FindAction
CheckInAction,CommunicateAction
CheckOutAction,CommunicateAction
CheckoutPage,WebPage
ChildCare,LocalBusiness
ChildrensEvent,Event
Chiropractic,MedicineSystem
ChooseAction,AssessAction
Church,PlaceOfWorship
City,AdministrativeArea
CityHall,GovernmentBuilding
CivicStructure,Place
Claim,CreativeWork
ClaimReview,Review
Class,Intangible
CleaningFee,PriceComponentTypeEnumeration
Clinician,MedicalAudienceType
Clip,CreativeWork
ClothingStore,Store
CoOp,GamePlayMode
Code,CreativeWork
CohortStudy,MedicalObservationalStudyDesign
Collection,CreativeWork
CollectionPage,WebPage
CollegeOrUniversity,EducationalOrganization
ComedyClub,EntertainmentBusiness
ComedyEvent,Event
ComicCoverArt,CoverArt
ComicIssue,PublicationIssue
ComicSeries,Periodical
ComicStory,CreativeWork
Comment,CreativeWork
CommentAction,CommunicateAction
CommentPermission,DigitalDocumentPermissionType
CommunicateAction,InteractAction
CommunityHealth,MedicalSpecialty
CompilationAlbum,MusicAlbumProductionType
CompleteDataFeed,DataFeed
Completed,MedicalStudyStatus
CompletedActionStatus,ActionStatusType
CompoundPriceSpecification,PriceSpecification
ComputerLanguage,Intangible
ComputerStore,Store
ConfirmAction,InformAction
Consortium,Organization
ConsumeAction,Action
ContactPage,WebPage
ContactPoint,StructuredValue
ContactPointOption,Enumeration
ContagiousnessHealthAspect,HealthAspectEnumeration
Continent,Landform
ControlAction,Action
ConvenienceStore,Store
Conversation,CreativeWork
CookAction,CreateAction
Corporation,Organization
CorrectionComment,Comment
Country,AdministrativeArea
Course,LearningResource
CourseInstance,Event
Courthouse,GovernmentBuilding
CoverArt,VisualArtwork
CovidTestingFacility,MedicalClinic
CreateAction,Action
CreativeWork,Thing
CreativeWorkSeason,CreativeWork
CreativeWorkSeries,Series
CreditCard,PaymentCard
Crematorium,CivicStructure
CriticReview,Review
CrossSectional,MedicalObservationalStudyDesign
CssSelectorType,Text
CurrencyConversionService,FinancialProduct
DDxElement,MedicalIntangible
DJMixAlbum,MusicAlbumProductionType
DVDFormat,MusicReleaseFormatType
DamagedCondition,OfferItemCondition
DanceEvent,Event
DanceGroup,PerformingGroup
DataCatalog,CreativeWork
DataDownload,MediaObject
DataFeed,Dataset
DataFeedItem,Intangible
DataType,rdf-schema#Class
Dataset,CreativeWork
Date,Mu
DateTime,Mu
DatedMoneySpecification,StructuredValue
DayOfWeek,Enumeration
DaySpa,HealthAndBeautyBusiness
DeactivateAction,ControlAction
DecontextualizedContent,MediaManipulationRatingEnumeration
DefenceEstablishment,GovernmentBuilding
DefinedRegion,StructuredValue
DefinedTerm,Intangible
DefinedTermSet,CreativeWork
DefinitiveLegalValue,LegalValueLevel
DeleteAction,UpdateAction
DeliveryChargeSpecification,PriceSpecification
DeliveryEvent,Event
DeliveryMethod,Enumeration
DeliveryTimeSettings,StructuredValue
Demand,Intangible
DemoAlbum,MusicAlbumProductionType
Dentist,MedicalOrganization
Dentistry,MedicalSpecialty
DepartAction,MoveAction
DepartmentStore,Store
DepositAccount,InvestmentOrDeposit
Dermatologic,MedicalSpecialty
Dermatology,MedicalSpecialty
DiabeticDiet,RestrictedDiet
Diagnostic,MedicalDevicePurpose
DiagnosticLab,MedicalOrganization
DiagnosticProcedure,MedicalProcedure
Diet,LifestyleModification
DietNutrition,MedicalSpecialty
DietarySupplement,Substance
DigitalAudioTapeFormat,MusicReleaseFormatType
DigitalDocument,CreativeWork
DigitalDocumentPermission,Intangible
DigitalDocumentPermissionType,Enumeration
DigitalFormat,MusicReleaseFormatType
DisabilitySupport,GovernmentBenefitsType
DisagreeAction,ReactAction
Discontinued,ItemAvailability
DiscoverAction,FindAction
DiscussionForumPosting,SocialMediaPosting
DislikeAction,ReactAction
Distance,Quantity
DistanceFee,PriceComponentTypeEnumeration
Distillery,FoodEstablishment
DonateAction,TradeAction
DoseSchedule,MedicalIntangible
DoubleBlindedTrial,MedicalTrialDesign
DownloadAction,TransferAction
Downpayment,PriceComponentTypeEnumeration
DrawAction,CreateAction
Drawing,CreativeWork
DrinkAction,ConsumeAction
DriveWheelConfigurationValue,QualitativeValue
DrivingSchoolVehicleUsage,CarUsageType
Drug,Substance
DrugClass,MedicalEntity
DrugCost,MedicalEntity
DrugCostCategory,MedicalEnumeration
DrugLegalStatus,MedicalIntangible
DrugPregnancyCategory,MedicalEnumeration
DrugPrescriptionStatus,MedicalEnumeration
DrugStrength,MedicalIntangible
DryCleaningOrLaundry,LocalBusiness
Duration,Quantity
EBook,BookFormatType
EPRelease,MusicAlbumReleaseType
EUEnergyEfficiencyCategoryA,EUEnergyEfficiencyEnumeration
EUEnergyEfficiencyCategoryA1Plus,EUEnergyEfficiencyEnumeration
EUEnergyEfficiencyCategoryA2Plus,EUEnergyEfficiencyEnumeration
EUEnergyEfficiencyCategoryA3Plus,EUEnergyEfficiencyEnumeration
EUEnergyEfficiencyCategoryB,EUEnergyEfficiencyEnumeration
EUEnergyEfficiencyCategoryC,EUEnergyEfficiencyEnumeration
EUEnergyEfficiencyCategoryD,EUEnergyEfficiencyEnumeration
EUEnergyEfficiencyCategoryE,EUEnergyEfficiencyEnumeration
EUEnergyEfficiencyCategoryF,EUEnergyEfficiencyEnumeration
EUEnergyEfficiencyCategoryG,EUEnergyEfficiencyEnumeration
EUEnergyEfficiencyEnumeration,EnergyEfficiencyEnumeration
Ear,PhysicalExam
EatAction,ConsumeAction
EditedOrCroppedContent,MediaManipulationRatingEnumeration
EducationEvent,Event
EducationalAudience,Audience
EducationalOccupationalCredential,CreativeWork
EducationalOccupationalProgram,Intangible
EducationalOrganization,Organization
EffectivenessHealthAspect,HealthAspectEnumeration
Electrician,HomeAndConstructionBusiness
ElectronicsStore,Store
ElementarySchool,EducationalOrganization
EmailMessage,Message
Embassy,GovernmentBuilding
Emergency,MedicalSpecialty
EmergencyService,LocalBusiness
EmployeeRole,OrganizationRole
EmployerAggregateRating,AggregateRating
EmployerReview,Review
EmploymentAgency,LocalBusiness
Endocrine,MedicalSpecialty
EndorseAction,ReactAction
EndorsementRating,Rating
Energy,Quantity
EnergyConsumptionDetails,Intangible
EnergyEfficiencyEnumeration,Enumeration
EnergyStarCertified,EnergyStarEnergyEfficiencyEnumeration
EnergyStarEnergyEfficiencyEnumeration,EnergyEfficiencyEnumeration
EngineSpecification,StructuredValue
EnrollingByInvitation,MedicalStudyStatus
EntertainmentBusiness,LocalBusiness
EntryPoint,Intangible
Enumeration,Intangible
Episode,CreativeWork
Event,Thing
EventAttendanceModeEnumeration,Enumeration
EventCancelled,EventStatusType
EventMovedOnline,EventStatusType
EventPostponed,EventStatusType
EventRescheduled,EventStatusType
EventReservation,Reservation
EventScheduled,EventStatusType
EventSeries,Series
EventStatusType,StatusEnumeration
EventVenue,CivicStructure
EvidenceLevelA,MedicalEvidenceLevel
EvidenceLevelB,MedicalEvidenceLevel
EvidenceLevelC,MedicalEvidenceLevel
ExchangeRateSpecification,StructuredValue
ExchangeRefund,RefundTypeEnumeration
ExerciseAction,PlayAction
ExerciseGym,SportsActivityLocation
ExercisePlan,PhysicalActivity
ExhibitionEvent,Event
Eye,PhysicalExam
FAQPage,WebPage
FDAcategoryA,DrugPregnancyCategory
FDAcategoryB,DrugPregnancyCategory
FDAcategoryC,DrugPregnancyCategory
FDAcategoryD,DrugPregnancyCategory
FDAcategoryX,DrugPregnancyCategory
FDAnotEvaluated,DrugPregnancyCategory
FMRadioChannel,RadioChannel
FailedActionStatus,ActionStatusType
False,Mu
FastFoodRestaurant,FoodEstablishment
Female,GenderType
Festival,Event
FilmAction,CreateAction
FinancialProduct,Service
FinancialService,LocalBusiness
FindAction,Action
FireStation,EmergencyService
Flexibility,PhysicalActivityCategory
Flight,Trip
FlightReservation,Reservation
Float,Number
FloorPlan,Intangible
Florist,Store
FollowAction,InteractAction
FoodEstablishment,LocalBusiness
FoodEstablishmentReservation,Reservation
FoodEvent,Event
FoodService,Service
FourWheelDriveConfiguration,DriveWheelConfigurationValue
Friday,DayOfWeek
FrontWheelDriveConfiguration,DriveWheelConfigurationValue
FullRefund,RefundTypeEnumeration
FundingAgency,Project
FundingScheme,Organization
Fungus,InfectiousAgentClass
FurnitureStore,Store
Game,CreativeWork
GamePlayMode,Enumeration
GameServer,Intangible
GameServerStatus,StatusEnumeration
GardenStore,Store
GasStation,AutomotiveBusiness
Gastroenterologic,MedicalSpecialty
GatedResidenceCommunity,Residence
GenderType,Enumeration
GeneralContractor,HomeAndConstructionBusiness
Genetic,MedicalSpecialty
Genitourinary,PhysicalExam
GeoCircle,GeoShape
GeoCoordinates,StructuredValue
GeoShape,StructuredValue
GeospatialGeometry,Intangible
Geriatric,MedicalSpecialty
GettingAccessHealthAspect,HealthAspectEnumeration
GiveAction,TransferAction
GlutenFreeDiet,RestrictedDiet
GolfCourse,SportsActivityLocation
GovernmentBenefitsType,Enumeration
GovernmentBuilding,CivicStructure
GovernmentOffice,LocalBusiness
GovernmentOrganization,Organization
GovernmentPermit,Permit
GovernmentService,Service
Grant,Intangible
GraphicNovel,BookFormatType
GroceryStore,Store
GroupBoardingPolicy,BoardingPolicyType
Guide,CreativeWork
Gynecologic,MedicalSpecialty
HVACBusiness,HomeAndConstructionBusiness
Hackathon,Event
HairSalon,HealthAndBeautyBusiness
HalalDiet,RestrictedDiet
Hardcover,BookFormatType
HardwareStore,Store
Head,PhysicalExam
HealthAndBeautyBusiness,LocalBusiness
HealthAspectEnumeration,Enumeration
HealthCare,GovernmentBenefitsType
HealthClub,SportsActivityLocation
HealthInsurancePlan,Intangible
HealthPlanCostSharingSpecification,Intangible
HealthPlanFormulary,Intangible
HealthPlanNetwork,Intangible
HealthTopicContent,WebContent
HearingImpairedSupported,ContactPointOption
Hematologic,MedicalSpecialty
HighSchool,EducationalOrganization
HinduDiet,RestrictedDiet
HinduTemple,PlaceOfWorship
HobbyShop,Store
HomeAndConstructionBusiness,LocalBusiness
HomeGoodsStore,Store
Homeopathic,MedicineSystem
Hospital,MedicalOrganization
Hostel,LodgingBusiness
Hotel,LodgingBusiness
HotelRoom,Room
House,Accommodation
HousePainter,HomeAndConstructionBusiness
HowItWorksHealthAspect,HealthAspectEnumeration
HowOrWhereHealthAspect,HealthAspectEnumeration
HowTo,CreativeWork
HowToDirection,ListItem
HowToItem,ListItem
HowToSection,ListItem
HowToStep,ListItem
HowToSupply,HowToItem
HowToTip,ListItem
HowToTool,HowToItem
HyperToc,CreativeWork
HyperTocEntry,CreativeWork
IceCreamShop,FoodEstablishment
IgnoreAction,AssessAction
ImageGallery,MediaGallery
ImageObject,MediaObject
ImagingTest,MedicalTest
InForce,LegalForceStatus
InStock,ItemAvailability
InStoreOnly,ItemAvailability
IndividualProduct,Product
Infectious,MedicalSpecialty
InfectiousAgentClass,MedicalEnumeration
InfectiousDisease,MedicalCondition
InformAction,CommunicateAction
IngredientsHealthAspect,HealthAspectEnumeration
InsertAction,AddAction
InstallAction,ConsumeAction
Installment,PriceComponentTypeEnumeration
InsuranceAgency,FinancialService
Intangible,Thing
Integer,Number
InteractAction,Action
InteractionCounter,StructuredValue
InternationalTrial,MedicalTrialDesign
InternetCafe,LocalBusiness
InvestmentFund,InvestmentOrDeposit
InvestmentOrDeposit,FinancialProduct
InviteAction,CommunicateAction
Invoice,Intangible
InvoicePrice,PriceTypeEnumeration
ItemAvailability,Enumeration
ItemList,Intangible
ItemListOrderAscending,ItemListOrderType
ItemListOrderDescending,ItemListOrderType
ItemListOrderType,Enumeration
ItemListUnordered,ItemListOrderType
ItemPage,WebPage
JewelryStore,Store
JobPosting,Intangible
JoinAction,InteractAction
Joint,AnatomicalStructure
KosherDiet,RestrictedDiet
LaboratoryScience,MedicalSpecialty
LakeBodyOfWater,BodyOfWater
Landform,Place
LandmarksOrHistoricalBuildings,Place
Language,Intangible
LaserDiscFormat,MusicReleaseFormatType
LearningResource,CreativeWork
LeaveAction,InteractAction
LeftHandDriving,SteeringPositionValue
LegalForceStatus,StatusEnumeration
LegalService,LocalBusiness
LegalValueLevel,Enumeration
Legislation,CreativeWork
LegislationObject,MediaObject
LegislativeBuilding,GovernmentBuilding
LeisureTimeActivity,PhysicalActivityCategory
LendAction,TransferAction
Library,LocalBusiness
LibrarySystem,Organization
LifestyleModification,MedicalEntity
Ligament,AnatomicalStructure
LikeAction,ReactAction
LimitedAvailability,ItemAvailability
LimitedByGuaranteeCharity,UKNonprofitType
LinkRole,Role
LiquorStore,Store
ListItem,Intangible
ListPrice,PriceTypeEnumeration
ListenAction,ConsumeAction
LiteraryEvent,Event
LiveAlbum,MusicAlbumProductionType
LiveBlogPosting,BlogPosting
LivingWithHealthAspect,HealthAspectEnumeration
LoanOrCredit,FinancialProduct
LocalBusiness,Place
LocationFeatureSpecification,PropertyValue
LockerDelivery,DeliveryMethod
Locksmith,HomeAndConstructionBusiness
LodgingBusiness,LocalBusiness
LodgingReservation,Reservation
Longitudinal,MedicalObservationalStudyDesign
LoseAction,AchieveAction
LowCalorieDiet,RestrictedDiet
LowFatDiet,RestrictedDiet
LowLactoseDiet,RestrictedDiet
LowSaltDiet,RestrictedDiet
Lung,PhysicalExam
LymphaticVessel,Vessel
MRI,MedicalImagingTechnique
MSRP,PriceTypeEnumeration
Male,GenderType
Manuscript,CreativeWork
Map,CreativeWork
MapCategoryType,Enumeration
MarryAction,InteractAction
Mass,Quantity
MathSolver,CreativeWork
MaximumDoseSchedule,DoseSchedule
MayTreatHealthAspect,HealthAspectEnumeration
MeasurementTypeEnumeration,Enumeration
MediaGallery,CollectionPage
MediaManipulationRatingEnumeration,Enumeration
MediaObject,CreativeWork
MediaReview,Review
MediaSubscription,Intangible
MedicalAudience,PeopleAudience
MedicalAudienceType,MedicalEnumeration
MedicalBusiness,LocalBusiness
MedicalCause,MedicalEntity
MedicalClinic,MedicalOrganization
MedicalCode,MedicalIntangible
MedicalCondition,MedicalEntity
MedicalConditionStage,MedicalIntangible
MedicalContraindication,MedicalEntity
MedicalDevice,MedicalEntity
MedicalDevicePurpose,MedicalEnumeration
MedicalEntity,Thing
MedicalEnumeration,Enumeration
MedicalEvidenceLevel,MedicalEnumeration
MedicalGuideline,MedicalEntity
MedicalGuidelineContraindication,MedicalGuideline
MedicalGuidelineRecommendation,MedicalGuideline
MedicalImagingTechnique,MedicalEnumeration
MedicalIndication,MedicalEntity
MedicalIntangible,MedicalEntity
MedicalObservationalStudy,MedicalStudy
MedicalObservationalStudyDesign,MedicalEnumeration
MedicalOrganization,Organization
MedicalProcedure,MedicalEntity
MedicalProcedureType,MedicalEnumeration
MedicalResearcher,MedicalAudienceType
MedicalRiskCalculator,MedicalRiskEstimator
MedicalRiskEstimator,MedicalEntity
MedicalRiskFactor,MedicalEntity
MedicalRiskScore,MedicalRiskEstimator
MedicalScholarlyArticle,ScholarlyArticle
MedicalSign,MedicalSignOrSymptom
MedicalSignOrSymptom,MedicalCondition
MedicalSpecialty,Specialty
MedicalStudy,MedicalEntity
MedicalStudyStatus,MedicalEnumeration
MedicalSymptom,MedicalSignOrSymptom
MedicalTest,MedicalEntity
MedicalTestPanel,MedicalTest
MedicalTherapy,TherapeuticProcedure
MedicalTrial,MedicalStudy
MedicalTrialDesign,MedicalEnumeration
MedicalWebPage,WebPage
MedicineSystem,MedicalEnumeration
MeetingRoom,Room
MensClothingStore,Store
Menu,CreativeWork
MenuItem,Intangible
MenuSection,CreativeWork
MerchantReturnEnumeration,Enumeration
MerchantReturnFiniteReturnWindow,MerchantReturnEnumeration
MerchantReturnNotPermitted,MerchantReturnEnumeration
MerchantReturnPolicy,Intangible
MerchantReturnUnlimitedWindow,MerchantReturnEnumeration
MerchantReturnUnspecified,MerchantReturnEnumeration
Message,CreativeWork
MiddleSchool,EducationalOrganization
Midwifery,MedicalSpecialty
MinimumAdvertisedPrice,PriceTypeEnumeration
MisconceptionsHealthAspect,HealthAspectEnumeration
MixedEventAttendanceMode,EventAttendanceModeEnumeration
MixtapeAlbum,MusicAlbumProductionType
MobileApplication,SoftwareApplication
MobilePhoneStore,Store
Monday,DayOfWeek
MonetaryAmount,StructuredValue
MonetaryAmountDistribution,QuantitativeValueDistribution
MonetaryGrant,Grant
MoneyTransfer,TransferAction
MortgageLoan,LoanOrCredit
Mosque,PlaceOfWorship
Motel,LodgingBusiness
Motorcycle,Vehicle
MotorcycleDealer,AutomotiveBusiness
MotorcycleRepair,AutomotiveBusiness
MotorizedBicycle,Vehicle
Mountain,Landform
MoveAction,Action
Movie,CreativeWork
MovieClip,Clip
MovieRentalStore,Store
MovieSeries,CreativeWorkSeries
MovieTheater,EntertainmentBusiness
MovingCompany,HomeAndConstructionBusiness
MultiCenterTrial,MedicalTrialDesign
MultiPlayer,GamePlayMode
MulticellularParasite,InfectiousAgentClass
Muscle,AnatomicalStructure
Musculoskeletal,MedicalSpecialty
MusculoskeletalExam,PhysicalExam
Museum,CivicStructure
MusicAlbum,MusicPlaylist
MusicAlbumProductionType,Enumeration
MusicAlbumReleaseType,Enumeration
MusicComposition,CreativeWork
MusicEvent,Event
MusicGroup,PerformingGroup
MusicPlaylist,CreativeWork
MusicRecording,CreativeWork
MusicRelease,MusicPlaylist
MusicReleaseFormatType,Enumeration
MusicStore,Store
MusicVenue,CivicStructure
MusicVideoObject,MediaObject
NGO,Organization
NLNonprofitType,NonprofitType
NailSalon,HealthAndBeautyBusiness
Neck,PhysicalExam
Nerve,AnatomicalStructure
Neuro,PhysicalExam
Neurologic,MedicalSpecialty
NewCondition,OfferItemCondition
NewsArticle,Article
NewsMediaOrganization,Organization
Newspaper,Periodical
NightClub,EntertainmentBusiness
NoninvasiveProcedure,MedicalProcedureType
Nonprofit501a,USNonprofitType
Nonprofit501c1,USNonprofitType
Nonprofit501c10,USNonprofitType
Nonprofit501c11,USNonprofitType
Nonprofit501c12,USNonprofitType
Nonprofit501c13,USNonprofitType
Nonprofit501c14,USNonprofitType
Nonprofit501c15,USNonprofitType
Nonprofit501c16,USNonprofitType
Nonprofit501c17,USNonprofitType
Nonprofit501c18,USNonprofitType
Nonprofit501c19,USNonprofitType
Nonprofit501c2,USNonprofitType
Nonprofit501c20,USNonprofitType
Nonprofit501c21,USNonprofitType
Nonprofit501c22,USNonprofitType
Nonprofit501c23,USNonprofitType
Nonprofit501c24,USNonprofitType
Nonprofit501c25,USNonprofitType
Nonprofit501c26,USNonprofitType
Nonprofit501c27,USNonprofitType
Nonprofit501c28,USNonprofitType
Nonprofit501c3,USNonprofitType
Nonprofit501c4,USNonprofitType
Nonprofit501c5,USNonprofitType
Nonprofit501c6,USNonprofitType
Nonprofit501c7,USNonprofitType
Nonprofit501c8,USNonprofitType
Nonprofit501c9,USNonprofitType
Nonprofit501d,USNonprofitType
Nonprofit501e,USNonprofitType
Nonprofit501f,USNonprofitType
Nonprofit501k,USNonprofitType
Nonprofit501n,USNonprofitType
Nonprofit501q,USNonprofitType
Nonprofit527,USNonprofitType
NonprofitANBI,NLNonprofitType
NonprofitSBBI,NLNonprofitType
NonprofitType,Enumeration
Nose,PhysicalExam
NotInForce,LegalForceStatus
NotYetRecruiting,MedicalStudyStatus
Notary,LegalService
NoteDigitalDocument,DigitalDocument
Number,Mu
Nursing,MedicalSpecialty
NutritionInformation,StructuredValue
OTC,DrugPrescriptionStatus
Observation,Intangible
Observational,MedicalObservationalStudyDesign
Obstetric,MedicalSpecialty
Occupation,Intangible
OccupationalActivity,PhysicalActivityCategory
OccupationalExperienceRequirements,Intangible
OccupationalTherapy,MedicalTherapy
OceanBodyOfWater,BodyOfWater
Offer,Intangible
OfferCatalog,ItemList
OfferForLease,Offer
OfferForPurchase,Offer
OfferItemCondition,Enumeration
OfferShippingDetails,StructuredValue
OfficeEquipmentStore,Store
OfficialLegalValue,LegalValueLevel
OfflineEventAttendanceMode,EventAttendanceModeEnumeration
OfflinePermanently,GameServerStatus
OfflineTemporarily,GameServerStatus
OnDemandEvent,PublicationEvent
OnSitePickup,DeliveryMethod
Oncologic,MedicalSpecialty
OneTimePayments,GovernmentBenefitsType
Online,GameServerStatus
OnlineEventAttendanceMode,EventAttendanceModeEnumeration
OnlineFull,GameServerStatus
OnlineOnly,ItemAvailability
OpenTrial,MedicalTrialDesign
OpeningHoursSpecification,StructuredValue
OpinionNewsArticle,NewsArticle
Optician,MedicalBusiness
Optometric,MedicalSpecialty
Order,Intangible
OrderAction,TradeAction
OrderCancelled,OrderStatus
OrderDelivered,OrderStatus
OrderInTransit,OrderStatus
OrderItem,Intangible
OrderPaymentDue,OrderStatus
OrderPickupAvailable,OrderStatus
OrderProblem,OrderStatus
OrderProcessing,OrderStatus
OrderReturned,OrderStatus
OrderStatus,StatusEnumeration
Organization,Thing
OrganizationRole,Role
OrganizeAction,Action
OriginalMediaContent,MediaManipulationRatingEnumeration
OriginalShippingFees,ReturnFeesEnumeration
Osteopathic,MedicineSystem
Otolaryngologic,MedicalSpecialty
OutOfStock,ItemAvailability
OutletStore,Store
OverviewHealthAspect,HealthAspectEnumeration
OwnershipInfo,StructuredValue
PET,MedicalImagingTechnique
PaidLeave,GovernmentBenefitsType
PaintAction,CreateAction
Painting,CreativeWork
PalliativeProcedure,MedicalTherapy
Paperback,BookFormatType
ParcelDelivery,Intangible
ParcelService,DeliveryMethod
ParentAudience,PeopleAudience
ParentalSupport,GovernmentBenefitsType
Park,CivicStructure
ParkingFacility,CivicStructure
ParkingMap,MapCategoryType
PartiallyInForce,LegalForceStatus
Pathology,MedicalSpecialty
PathologyTest,MedicalTest
Patient,Person
PatientExperienceHealthAspect,HealthAspectEnumeration
PawnShop,Store
PayAction,TradeAction
PaymentAutomaticallyApplied,PaymentStatusType
PaymentCard,PaymentMethod
PaymentChargeSpecification,PriceSpecification
PaymentComplete,PaymentStatusType
PaymentDeclined,PaymentStatusType
PaymentDue,PaymentStatusType
PaymentMethod,Enumeration
PaymentPastDue,PaymentStatusType
PaymentService,FinancialProduct
PaymentStatusType,StatusEnumeration
Pediatric,MedicalSpecialty
PeopleAudience,Audience
PercutaneousProcedure,MedicalProcedureType
PerformAction,PlayAction
PerformanceRole,Role
PerformingArtsTheater,CivicStructure
PerformingGroup,Organization
Periodical,CreativeWorkSeries
Permit,Intangible
Person,Thing
PetStore,Store
Pharmacy,MedicalOrganization
PharmacySpecialty,MedicalSpecialty
Photograph,CreativeWork
PhotographAction,CreateAction
PhysicalActivity,LifestyleModification
PhysicalActivityCategory,Enumeration
PhysicalExam,MedicalProcedure
PhysicalTherapy,MedicalTherapy
Physician,MedicalOrganization
Physiotherapy,MedicalSpecialty
Place,Thing
PlaceOfWorship,CivicStructure
PlaceboControlledTrial,MedicalTrialDesign
PlanAction,OrganizeAction
PlasticSurgery,MedicalSpecialty
Play,CreativeWork
PlayAction,Action
Playground,CivicStructure
Plumber,HomeAndConstructionBusiness
PodcastEpisode,Episode
PodcastSeason,CreativeWorkSeason
PodcastSeries,CreativeWorkSeries
Podiatric,MedicalSpecialty
PoliceStation,EmergencyService
Pond,BodyOfWater
PostOffice,GovernmentOffice
PostalAddress,ContactPoint
PostalCodeRangeSpecification,StructuredValue
Poster,CreativeWork
PotentialActionStatus,ActionStatusType
PreOrder,ItemAvailability
PreOrderAction,TradeAction
PreSale,ItemAvailability
PregnancyHealthAspect,HealthAspectEnumeration
PrependAction,InsertAction
Preschool,EducationalOrganization
PrescriptionOnly,DrugPrescriptionStatus
PresentationDigitalDocument,DigitalDocument
PreventionHealthAspect,HealthAspectEnumeration
PreventionIndication,MedicalIndication
PriceComponentTypeEnumeration,Enumeration
PriceSpecification,StructuredValue
PriceTypeEnumeration,Enumeration
PrimaryCare,MedicalSpecialty
Prion,InfectiousAgentClass
Product,Thing
ProductCollection,Product
ProductGroup,Product
ProductModel,Product
ProductReturnEnumeration,Enumeration
ProductReturnFiniteReturnWindow,ProductReturnEnumeration
ProductReturnNotPermitted,ProductReturnEnumeration
ProductReturnPolicy,Intangible
ProductReturnUnlimitedWindow,ProductReturnEnumeration
ProductReturnUnspecified,ProductReturnEnumeration
ProfessionalService,LocalBusiness
ProfilePage,WebPage
PrognosisHealthAspect,HealthAspectEnumeration
ProgramMembership,Intangible
Project,Organization
PronounceableText,Text
Property,Intangible
PropertyValue,StructuredValue
PropertyValueSpecification,Intangible
Protozoa,InfectiousAgentClass
Psychiatric,MedicalSpecialty
PsychologicalTreatment,TherapeuticProcedure
PublicHealth,MedicalSpecialty
PublicHolidays,DayOfWeek
PublicSwimmingPool,SportsActivityLocation
PublicToilet,CivicStructure
PublicationEvent,Event
PublicationIssue,CreativeWork
PublicationVolume,CreativeWork
Pulmonary,MedicalSpecialty
QAPage,WebPage
QualitativeValue,Enumeration
QuantitativeValue,StructuredValue
QuantitativeValueDistribution,StructuredValue
Quantity,Intangible
Question,Comment
Quiz,LearningResource
Quotation,CreativeWork
QuoteAction,TradeAction
RVPark,CivicStructure
RadiationTherapy,MedicalTherapy
RadioBroadcastService,BroadcastService
RadioChannel,BroadcastChannel
RadioClip,Clip
RadioEpisode,Episode
RadioSeason,CreativeWorkSeason
RadioSeries,CreativeWorkSeries
RadioStation,LocalBusiness
Radiography,MedicalImagingTechnique
RandomizedTrial,MedicalTrialDesign
Rating,Intangible
ReactAction,AssessAction
ReadAction,ConsumeAction
ReadPermission,DigitalDocumentPermissionType
RealEstateAgent,LocalBusiness
RealEstateListing,WebPage
RearWheelDriveConfiguration,DriveWheelConfigurationValue
ReceiveAction,TransferAction
Recipe,HowTo
Recommendation,Review
RecommendedDoseSchedule,DoseSchedule
Recruiting,MedicalStudyStatus
RecyclingCenter,LocalBusiness
RefundTypeEnumeration,Enumeration
RefurbishedCondition,OfferItemCondition
RegisterAction,InteractAction
Registry,MedicalObservationalStudyDesign
ReimbursementCap,DrugCostCategory
RejectAction,AllocateAction
RelatedTopicsHealthAspect,HealthAspectEnumeration
RemixAlbum,MusicAlbumProductionType
Renal,MedicalSpecialty
RentAction,TradeAction
RentalCarReservation,Reservation
RentalVehicleUsage,CarUsageType
RepaymentSpecification,StructuredValue
ReplaceAction,UpdateAction
ReplyAction,CommunicateAction
Report,Article
ReportageNewsArticle,NewsArticle
ReportedDoseSchedule,DoseSchedule
ResearchProject,Project
Researcher,Audience
Reservation,Intangible
ReservationCancelled,ReservationStatusType
ReservationConfirmed,ReservationStatusType
ReservationHold,ReservationStatusType
ReservationPackage,Reservation
ReservationPending,ReservationStatusType
ReservationStatusType,StatusEnumeration
ReserveAction,PlanAction
Reservoir,BodyOfWater
Residence,Place
Resort,LodgingBusiness
RespiratoryTherapy,MedicalSpecialty
Restaurant,FoodEstablishment
RestockingFees,ReturnFeesEnumeration
RestrictedDiet,Enumeration
ResultsAvailable,MedicalStudyStatus
ResultsNotAvailable,MedicalStudyStatus
ResumeAction,ControlAction
Retail,DrugCostCategory
ReturnAction,TransferAction
ReturnFeesEnumeration,Enumeration
ReturnShippingFees,ReturnFeesEnumeration
Review,CreativeWork
ReviewAction,AssessAction
ReviewNewsArticle,NewsArticle
Rheumatologic,MedicalSpecialty
RightHandDriving,SteeringPositionValue
RisksOrComplicationsHealthAspect,HealthAspectEnumeration
RiverBodyOfWater,BodyOfWater
Role,Intangible
RoofingContractor,HomeAndConstructionBusiness
Room,Accommodation
RsvpAction,InformAction
RsvpResponseMaybe,RsvpResponseType
RsvpResponseNo,RsvpResponseType
RsvpResponseType,Enumeration
RsvpResponseYes,RsvpResponseType
SRP,PriceTypeEnumeration
SafetyHealthAspect,HealthAspectEnumeration
SaleEvent,Event
SalePrice,PriceTypeEnumeration
SatireOrParodyContent,MediaManipulationRatingEnumeration
SatiricalArticle,Article
Saturday,DayOfWeek
Schedule,Intangible
ScheduleAction,PlanAction
ScholarlyArticle,Article
School,EducationalOrganization
SchoolDistrict,AdministrativeArea
ScreeningEvent,Event
ScreeningHealthAspect,HealthAspectEnumeration
Sculpture,CreativeWork
SeaBodyOfWater,BodyOfWater
SearchAction,Action
SearchResultsPage,WebPage
Season,CreativeWork
Seat,Intangible
SeatingMap,MapCategoryType
SeeDoctorHealthAspect,HealthAspectEnumeration
SeekToAction,Action
SelfCareHealthAspect,HealthAspectEnumeration
SelfStorage,LocalBusiness
SellAction,TradeAction
SendAction,TransferAction
Series,Intangible
Service,Intangible
ServiceChannel,Intangible
ShareAction,CommunicateAction
SheetMusic,CreativeWork
ShippingDeliveryTime,StructuredValue
ShippingRateSettings,StructuredValue
ShoeStore,Store
ShoppingCenter,LocalBusiness
ShortStory,CreativeWork
SideEffectsHealthAspect,HealthAspectEnumeration
SingleBlindedTrial,MedicalTrialDesign
SingleCenterTrial,MedicalTrialDesign
SingleFamilyResidence,House
SinglePlayer,GamePlayMode
SingleRelease,MusicAlbumReleaseType
SiteNavigationElement,WebPageElement
SizeGroupEnumeration,Enumeration
SizeSpecification,QualitativeValue
SizeSystemEnumeration,Enumeration
SizeSystemImperial,SizeSystemEnumeration
SizeSystemMetric,SizeSystemEnumeration
SkiResort,SportsActivityLocation
Skin,PhysicalExam
SocialEvent,Event
SocialMediaPosting,Article
SoftwareApplication,CreativeWork
SoftwareSourceCode,CreativeWork
SoldOut,ItemAvailability
SolveMathAction,Action
SomeProducts,Product
SoundtrackAlbum,MusicAlbumProductionType
SpeakableSpecification,Intangible
SpecialAnnouncement,CreativeWork
Specialty,Enumeration
SpeechPathology,MedicalSpecialty
SpokenWordAlbum,MusicAlbumProductionType
SportingGoodsStore,Store
SportsActivityLocation,LocalBusiness
SportsClub,SportsActivityLocation
SportsEvent,Event
SportsOrganization,Organization
SportsTeam,SportsOrganization
SpreadsheetDigitalDocument,DigitalDocument
StadiumOrArena,SportsActivityLocation
StagedContent,MediaManipulationRatingEnumeration
StagesHealthAspect,HealthAspectEnumeration
State,AdministrativeArea
StatisticalPopulation,Intangible
StatusEnumeration,Enumeration
SteeringPositionValue,QualitativeValue
Store,LocalBusiness
StoreCreditRefund,RefundTypeEnumeration
StrengthTraining,PhysicalActivityCategory
StructuredValue,Intangible
StudioAlbum,MusicAlbumProductionType
StupidType,Thing
SubscribeAction,InteractAction
Subscription,PriceComponentTypeEnumeration
Substance,MedicalEntity
SubwayStation,CivicStructure
Suite,Accommodation
Sunday,DayOfWeek
SuperficialAnatomy,MedicalEntity
Surgical,MedicalSpecialty
SurgicalProcedure,MedicalProcedure
SuspendAction,ControlAction
Suspended,MedicalStudyStatus
SymptomsHealthAspect,HealthAspectEnumeration
Synagogue,PlaceOfWorship
TVClip,Clip
TVEpisode,Episode
TVSeason,CreativeWorkSeason
TVSeries,CreativeWorkSeries
Table,WebPageElement
TakeAction,TransferAction
TattooParlor,HealthAndBeautyBusiness
Taxi,Service
TaxiReservation,Reservation
TaxiService,Service
TaxiStand,CivicStructure
TaxiVehicleUsage,CarUsageType
TechArticle,Article
TelevisionChannel,BroadcastChannel
TelevisionStation,LocalBusiness
TennisComplex,SportsActivityLocation
Terminated,MedicalStudyStatus
Text,Mu
TextDigitalDocument,DigitalDocument
TheaterEvent,Event
TheaterGroup,PerformingGroup
Therapeutic,MedicalDevicePurpose
TherapeuticProcedure,MedicalProcedure
Thesis,CreativeWork
Thing,Mu
Throat,PhysicalExam
Thursday,DayOfWeek
Ticket,Intangible
TieAction,AchieveAction
Time,Mu
TipAction,TradeAction
TireShop,Store
TollFree,ContactPointOption
TouristAttraction,Place
TouristDestination,Place
TouristInformationCenter,LocalBusiness
TouristTrip,Trip
Toxicologic,MedicalSpecialty
ToyStore,Store
TrackAction,FindAction
TradeAction,Action
TraditionalChinese,MedicineSystem
TrainReservation,Reservation
TrainStation,CivicStructure
TrainTrip,Trip
TransferAction,Action
TransformedContent,MediaManipulationRatingEnumeration
TransitMap,MapCategoryType
TravelAction,MoveAction
TravelAgency,LocalBusiness
TreatmentIndication,MedicalIndication
TreatmentsHealthAspect,HealthAspectEnumeration
Trip,Intangible
TripleBlindedTrial,MedicalTrialDesign
True,Mu
Tuesday,DayOfWeek
TypeAndQuantityNode,StructuredValue
TypesHealthAspect,HealthAspectEnumeration
UKNonprofitType,NonprofitType
UKTrust,UKNonprofitType
URL,Text
USNonprofitType,NonprofitType
Ultrasound,MedicalImagingTechnique
UnRegisterAction,InteractAction
UnemploymentSupport,GovernmentBenefitsType
UnincorporatedAssociationCharity,UKNonprofitType
UnitPriceSpecification,PriceSpecification
UnofficialLegalValue,LegalValueLevel
UpdateAction,Action
Urologic,MedicalSpecialty
UsageOrScheduleHealthAspect,HealthAspectEnumeration
UseAction,ConsumeAction
UsedCondition,OfferItemCondition
UserBlocks,UserInteraction
UserCheckins,UserInteraction
UserComments,UserInteraction
UserDownloads,UserInteraction
UserInteraction,Event
UserLikes,UserInteraction
UserPageVisits,UserInteraction
UserPlays,UserInteraction
UserPlusOnes,UserInteraction
UserReview,Review
UserTweets,UserInteraction
VeganDiet,RestrictedDiet
VegetarianDiet,RestrictedDiet
Vehicle,Product
Vein,Vessel
VenueMap,MapCategoryType
Vessel,AnatomicalStructure
VeterinaryCare,MedicalOrganization
VideoGallery,MediaGallery
VideoGame,SoftwareApplication
VideoGameClip,Clip
VideoGameSeries,CreativeWorkSeries
VideoObject,MediaObject
ViewAction,ConsumeAction
VinylFormat,MusicReleaseFormatType
VirtualLocation,Intangible
Virus,InfectiousAgentClass
VisualArtsEvent,Event
VisualArtwork,CreativeWork
VitalSign,MedicalSign
Volcano,Landform
VoteAction,ChooseAction
WPAdBlock,WebPageElement
WPFooter,WebPageElement
WPHeader,WebPageElement
WPSideBar,WebPageElement
WantAction,ReactAction
WarrantyPromise,StructuredValue
WarrantyScope,Enumeration
WatchAction,ConsumeAction
Waterfall,BodyOfWater
WearAction,UseAction
WearableMeasurementBack,WearableMeasurementTypeEnumeration
WearableMeasurementChestOrBust,WearableMeasurementTypeEnumeration
WearableMeasurementCollar,WearableMeasurementTypeEnumeration
WearableMeasurementCup,WearableMeasurementTypeEnumeration
WearableMeasurementHeight,WearableMeasurementTypeEnumeration
WearableMeasurementHips,WearableMeasurementTypeEnumeration
WearableMeasurementInseam,WearableMeasurementTypeEnumeration
WearableMeasurementLength,WearableMeasurementTypeEnumeration
WearableMeasurementOutsideLeg,WearableMeasurementTypeEnumeration
WearableMeasurementSleeve,WearableMeasurementTypeEnumeration
WearableMeasurementTypeEnumeration,MeasurementTypeEnumeration
WearableMeasurementWaist,WearableMeasurementTypeEnumeration
WearableMeasurementWidth,WearableMeasurementTypeEnumeration
WearableSizeGroupBig,WearableSizeGroupEnumeration
WearableSizeGroupBoys,WearableSizeGroupEnumeration
WearableSizeGroupEnumeration,SizeGroupEnumeration
WearableSizeGroupExtraShort,WearableSizeGroupEnumeration
WearableSizeGroupExtraTall,WearableSizeGroupEnumeration
WearableSizeGroupGirls,WearableSizeGroupEnumeration
WearableSizeGroupHusky,WearableSizeGroupEnumeration
WearableSizeGroupInfants,WearableSizeGroupEnumeration
WearableSizeGroupJuniors,WearableSizeGroupEnumeration
WearableSizeGroupMaternity,WearableSizeGroupEnumeration
WearableSizeGroupMens,WearableSizeGroupEnumeration
WearableSizeGroupMisses,WearableSizeGroupEnumeration
WearableSizeGroupPetite,WearableSizeGroupEnumeration
WearableSizeGroupPlus,WearableSizeGroupEnumeration
WearableSizeGroupRegular,WearableSizeGroupEnumeration
WearableSizeGroupShort,WearableSizeGroupEnumeration
WearableSizeGroupTall,WearableSizeGroupEnumeration
WearableSizeGroupWomens,WearableSizeGroupEnumeration
WearableSizeSystemAU,WearableSizeSystemEnumeration
WearableSizeSystemBR,WearableSizeSystemEnumeration
WearableSizeSystemCN,WearableSizeSystemEnumeration
WearableSizeSystemContinental,WearableSizeSystemEnumeration
WearableSizeSystemDE,WearableSizeSystemEnumeration
WearableSizeSystemEN13402,WearableSizeSystemEnumeration
WearableSizeSystemEnumeration,SizeSystemEnumeration
WearableSizeSystemEurope,WearableSizeSystemEnumeration
WearableSizeSystemFR,WearableSizeSystemEnumeration
WearableSizeSystemGS1,WearableSizeSystemEnumeration
WearableSizeSystemIT,WearableSizeSystemEnumeration
WearableSizeSystemJP,WearableSizeSystemEnumeration
WearableSizeSystemMX,WearableSizeSystemEnumeration
WearableSizeSystemUK,WearableSizeSystemEnumeration
WearableSizeSystemUS,WearableSizeSystemEnumeration
WebAPI,Service
WebApplication,SoftwareApplication
WebContent,CreativeWork
WebPage,CreativeWork
WebPageElement,CreativeWork
WebSite,CreativeWork
Wednesday,DayOfWeek
WesternConventional,MedicineSystem
Wholesale,DrugCostCategory
WholesaleStore,Store
WinAction,AchieveAction
Winery,FoodEstablishment
Withdrawn,MedicalStudyStatus
WorkBasedProgram,EducationalOccupationalProgram
WorkersUnion,Organization
WriteAction,CreateAction
WritePermission,DigitalDocumentPermissionType
XPathType,Text
XRay,MedicalImagingTechnique
ZoneBoardingPolicy,BoardingPolicyType
Zoo,CivicStructure
